{"cameraMode":{"drawMode":0,"name":"Shaded","section":"Shading Mode"},"sceneLighting":true,"audioPlay":false,"sceneViewState":{"m_AlwaysRefresh":false,"showFog":true,"showSkybox":true,"showFlares":true,"showImageEffects":true,"showParticleSystems":true,"showVisualEffectGraphs":true,"m_FxEnabled":true},"in2DMode":false,"pivot":{"x":-0.2819616496562958,"y":0.6316173672676086,"z":-0.0557248629629612},"rotation":{"x":0.16140390932559968,"y":-0.1731172353029251,"z":-0.02877742424607277,"w":-0.9711788892745972},"size":2.4638683795928957,"orthographic":false}