{"cameraMode":{"drawMode":0,"name":"Shaded","section":"Shading Mode"},"sceneLighting":true,"audioPlay":false,"sceneViewState":{"m_AlwaysRefresh":false,"showFog":true,"showSkybox":true,"showFlares":true,"showImageEffects":true,"showParticleSystems":true,"showVisualEffectGraphs":true,"m_FxEnabled":true},"in2DMode":false,"pivot":{"x":-0.05615702271461487,"y":0.32734280824661257,"z":-0.18966108560562135},"rotation":{"x":-0.17699989676475526,"y":-0.5185797810554504,"z":0.11069951206445694,"w":-0.8291673064231873},"size":3.680997371673584,"orthographic":false}